{"affirm": -1.9134886503219604, "deny": -3.485481742140535, "dont_know": 0.7238521472267483, "acknowledge": -2.4854796334598843, "greet": 1.5591192676360348, "end_call": -2.5456025214756237, "handoff": -0.3773367615307079, "thank": 1.6875169551235505, "repeat": -2.038784085093318, "cancel_close_leave_freeze": 1.8578829345248995, "change": 0.13463743888970578, "make_open_apply_setup_get_activate": -0.04311835110842527, "request_info": 0.1784032378345728, "how": -1.8108660091053357, "why": -1.7783035496134816, "when": 1.5828401675591102, "how_much": -0.6536667843659719, "how_long": -2.4336122819355555, "wrong_notworking_notshowing": 0.3758421331257015, "lost_stolen": -0.9383243855975923, "more_higher_after": -2.374186812614908, "less_lower_before": -2.2842526219107886, "new": -2.331597904106239, "existing": -1.0718930783095184, "limits": 1.7180042970375937, "savings": 3.5735855435812347, "current": 1.5520614238634503, "business": 1.2126859948039055, "credit": 1.2356089136817239, "debit": 2.5405436961547188, "contactless": 3.231305400976974, "international": 3.4099813969930013, "account": 2.938877695043322, "transfer_payment_deposit": 1.4920958230892818, "appointment": 2.5809771171430262, "arrival": -2.2601047420501708, "balance": 1.18838144655097, "card": 2.443405582146211, "cheque": 0.9738168772529153, "direct_debit": 1.7629377658550556, "standing_order": 3.0268768642259682, "fees_interests": 2.502690722912918, "loan": 3.243081706942934, "mortgage": 3.94384925365448, "overdraft": 3.375794768333435, "withdrawal": -0.9504882678007468, "pin": 3.3953961610794066, "refund": 2.2565833762451843}