{
    "affirm": 9.780837730566661,
    "deny": 11.052307841065643,
    "dont_know": 8.973962700885275,
    "acknowledge": 14.12364777554287,
    "greet": 9.719823343208038,
    "end_call": 14.271987122647902,
    "handoff": 9.643155904377208,
    "thank": 8.737428999495233,
    "repeat": 16.570634210431898,
    "cancel_close_leave_freeze": 5.7156131540025985,
    "change": 7.729110168688225,
    "make_open_apply_setup_get_activate": 6.270302916621114,
    "request_info": 3.993418451398611,
    "how": 12.02685800156036,
    "why": 10.831739531622993,
    "when": 8.534767829454863,
    "how_much": 9.477101862430573,
    "how_long": 15.358138506753104,
    "wrong_notworking_notshowing": 5.847434192508846,
    "lost_stolen": 10.764205087934222,
    "more_higher_after": 10.099747930254255,
    "less_lower_before": 11.65458968552676,
    "new": 14.254980446456315,
    "existing": 12.846777845312047,
    "limits": 7.384637699752558,
    "savings": 6.412712286877376,
    "current": 7.953511427526605,
    "business": 11.646989037593206,
    "credit": 9.245709058010217,
    "debit": 7.825035369914511,
    "contactless": 8.177933296460784,
    "international": 4.8079353586832685,
    "account": 3.7571336148490366,
    "transfer_payment_deposit": 3.2060736732350454,
    "appointment": 6.831117158982812,
    "arrival": 12.855707397460938,
    "balance": 7.814947164221985,
    "card": 3.1384313594211233,
    "cheque": 10.2157525286955,
    "direct_debit": 8.762691296063936,
    "standing_order": 8.523718419282332,
    "fees_interests": 5.930984332237714,
    "loan": 5.973045435818759,
    "mortgage": 6.189611325945173,
    "overdraft": 5.706578699318138,
    "withdrawal": 12.263906093744131,
    "pin": 7.345664393901825,
    "refund": 8.407359909225296
}